t,count,max,mean,min,stddev,p50,p75,p95,p98,p99,p999,mean_rate,m1_rate,m5_rate,m15_rate,rate_unit,duration_unit
1515105663,1,0.025000,0.025000,0.025000,0.000000,0.025000,0.025000,0.025000,0.025000,0.025000,0.025000,0.001414,0.000002,0.019394,0.091885,calls/second,seconds
1515158763,5,0.002000,0.000691,0.000000,0.000465,0.001000,0.001000,0.001000,0.001000,0.001000,0.002000,0.008915,0.004735,0.037103,0.111146,calls/second,seconds
