t,count,max,mean,min,stddev,p50,p75,p95,p98,p99,p999,mean_rate,m1_rate,m5_rate,m15_rate,rate_unit,duration_unit
1519377032,49,0.000054,0.000012,0.000008,0.000009,0.000009,0.000011,0.000039,0.000054,0.000054,0.000054,1.387465,5.944000,8.867407,9.478718,calls/second,seconds
