t,count,max,mean,min,stddev,p50,p75,p95,p98,p99,p999,mean_rate,m1_rate,m5_rate,m15_rate,rate_unit,duration_unit
1519377032,6,0.000060,0.000032,0.000010,0.000016,0.000037,0.000038,0.000060,0.000060,0.000060,0.000060,0.169902,0.727837,1.085805,1.160659,calls/second,seconds
