t,count,max,mean,min,stddev,p50,p75,p95,p98,p99,p999,mean_rate,m1_rate,m5_rate,m15_rate,rate_unit,duration_unit
1515782656,1,0.001019,0.001019,0.001019,0.000000,0.001019,0.001019,0.001019,0.001019,0.001019,0.001019,0.003501,0.001881,0.078648,0.146526,calls/second,seconds
1515783271,3,0.000899,0.000567,0.000542,0.000002,0.000568,0.000568,0.000568,0.000568,0.000568,0.000568,0.003333,0.005897,0.013646,0.075717,calls/second,seconds
1515783271,3,0.002893,0.000662,0.000470,0.000019,0.000663,0.000663,0.000663,0.000663,0.000663,0.000663,0.003333,0.000377,0.012157,0.075427,calls/second,seconds
1515783271,3,0.001113,0.000486,0.000461,0.000002,0.000486,0.000486,0.000486,0.000486,0.000486,0.000486,0.003333,0.006410,0.013876,0.076139,calls/second,seconds
