t,count,max,mean,min,stddev,p50,p75,p95,p98,p99,p999,mean_rate,m1_rate,m5_rate,m15_rate,rate_unit,duration_unit
1515080463,1,0.063098,0.063098,0.063098,0.000000,0.063098,0.063098,0.063098,0.063098,0.063098,0.063098,0.001886,0.000032,0.034755,0.111607,calls/second,seconds
1515080833,1,0.017638,0.017638,0.017638,0.000000,0.017638,0.017638,0.017638,0.017638,0.017638,0.017638,0.001111,0.000000,0.010125,0.073986,calls/second,seconds
1515080833,1,0.074741,0.074741,0.074741,0.000000,0.074741,0.074741,0.074741,0.074741,0.074741,0.074741,0.001111,0.000000,0.010125,0.073986,calls/second,seconds
1515080835,1,0.024844,0.024844,0.024844,0.000000,0.024844,0.024844,0.024844,0.024844,0.024844,0.024844,0.001111,0.000000,0.010125,0.073986,calls/second,seconds
