t,count,max,mean,min,stddev,p50,p75,p95,p98,p99,p999,mean_rate,m1_rate,m5_rate,m15_rate,rate_unit,duration_unit
1516877899,3,0.001027,0.000559,0.000521,0.000003,0.000560,0.000560,0.000560,0.000560,0.000560,0.000560,0.004168,0.000045,0.019771,0.091617,calls/second,seconds
1516878078,3,0.000833,0.000500,0.000467,0.000002,0.000500,0.000500,0.000500,0.000500,0.000500,0.000500,0.003334,0.002563,0.013276,0.076036,calls/second,seconds
1516878079,3,0.003096,0.000603,0.000526,0.000009,0.000604,0.000604,0.000604,0.000604,0.000604,0.000604,0.003333,0.002358,0.013057,0.075615,calls/second,seconds
1516878082,3,0.001167,0.000543,0.000541,0.000002,0.000543,0.000543,0.000543,0.000543,0.000543,0.000543,0.003333,0.001837,0.012914,0.075588,calls/second,seconds
