t,count,max,mean,min,stddev,p50,p75,p95,p98,p99,p999,mean_rate,m1_rate,m5_rate,m15_rate,rate_unit,duration_unit
1513090526,1,0.001478,0.001478,0.001478,0.000000,0.001478,0.001478,0.001478,0.001478,0.001478,0.001478,0.001255,0.000000,0.014368,0.083141,calls/second,seconds
1513090629,1,0.000849,0.000849,0.000849,0.000000,0.000849,0.000849,0.000849,0.000849,0.000849,0.000849,0.001111,0.000000,0.010125,0.073986,calls/second,seconds
1513090670,1,0.000862,0.000862,0.000862,0.000000,0.000862,0.000862,0.000862,0.000862,0.000862,0.000862,0.001111,0.000000,0.010125,0.073986,calls/second,seconds
1513090680,1,0.000913,0.000913,0.000913,0.000000,0.000913,0.000913,0.000913,0.000913,0.000913,0.000913,0.001111,0.000000,0.010295,0.074398,calls/second,seconds
1513109271,1,0.001434,0.001434,0.001434,0.000000,0.001434,0.001434,0.001434,0.001434,0.001434,0.001434,0.002122,0.000086,0.042450,0.119301,calls/second,seconds
1513109685,1,0.001588,0.001588,0.001588,0.000000,0.001588,0.001588,0.001588,0.001588,0.001588,0.001588,0.001111,0.000000,0.010125,0.073986,calls/second,seconds
1513109686,1,0.002332,0.002332,0.002332,0.000000,0.002332,0.002332,0.002332,0.002332,0.002332,0.002332,0.001111,0.000000,0.010125,0.073986,calls/second,seconds
1513109697,1,0.001789,0.001789,0.001789,0.000000,0.001789,0.001789,0.001789,0.001789,0.001789,0.001789,0.001111,0.000000,0.010125,0.073986,calls/second,seconds
