t,count,max,mean,min,stddev,p50,p75,p95,p98,p99,p999,mean_rate,m1_rate,m5_rate,m15_rate,rate_unit,duration_unit
1519661258,57,0.015130,0.000259,0.000069,0.001338,0.000088,0.000187,0.000261,0.000871,0.000871,0.015130,0.153520,0.005089,0.123803,0.176996,calls/second,seconds
1519661778,1,0.012931,0.012931,0.012931,0.000000,0.012931,0.012931,0.012931,0.012931,0.012931,0.012931,0.001111,0.000000,0.010125,0.073986,calls/second,seconds
1519661786,1,0.015608,0.015608,0.015608,0.000000,0.015608,0.015608,0.015608,0.015608,0.015608,0.015608,0.001111,0.000000,0.010125,0.073986,calls/second,seconds
1519661791,1,0.014794,0.014794,0.014794,0.000000,0.014794,0.014794,0.014794,0.014794,0.014794,0.014794,0.001111,0.000000,0.010295,0.074398,calls/second,seconds
