t,count,max,mean,min,stddev,p50,p75,p95,p98,p99,p999,mean_rate,m1_rate,m5_rate,m15_rate,rate_unit,duration_unit
1515782656,1,0.223894,0.223894,0.223894,0.000000,0.223894,0.223894,0.223894,0.223894,0.223894,0.223894,0.003501,0.001881,0.078648,0.146526,calls/second,seconds
1515783271,1,0.035134,0.035134,0.035134,0.000000,0.035134,0.035134,0.035134,0.035134,0.035134,0.035134,0.001111,0.000000,0.010125,0.073986,calls/second,seconds
1515783271,1,0.023238,0.023238,0.023238,0.000000,0.023238,0.023238,0.023238,0.023238,0.023238,0.023238,0.001111,0.000000,0.010295,0.074398,calls/second,seconds
1515783271,1,0.019872,0.019872,0.019872,0.000000,0.019872,0.019872,0.019872,0.019872,0.019872,0.019872,0.001111,0.000000,0.010125,0.073986,calls/second,seconds
