t,count,max,mean,min,stddev,p50,p75,p95,p98,p99,p999,mean_rate,m1_rate,m5_rate,m15_rate,rate_unit,duration_unit
1519663753,127,0.001139,0.000031,0.000006,0.000065,0.000015,0.000031,0.000086,0.000144,0.000163,0.001139,0.411241,0.062413,0.278543,0.253482,calls/second,seconds
1519664344,1,0.001377,0.001377,0.001377,0.000000,0.001377,0.001377,0.001377,0.001377,0.001377,0.001377,0.001111,0.000000,0.010125,0.073986,calls/second,seconds
1519664344,1,0.001221,0.001221,0.001221,0.000000,0.001221,0.001221,0.001221,0.001221,0.001221,0.001221,0.001111,0.000000,0.010125,0.073986,calls/second,seconds
1519664344,1,0.002337,0.002337,0.002337,0.000000,0.002337,0.002337,0.002337,0.002337,0.002337,0.002337,0.001111,0.000000,0.010125,0.073986,calls/second,seconds
