t,count,max,mean,min,stddev,p50,p75,p95,p98,p99,p999,mean_rate,m1_rate,m5_rate,m15_rate,rate_unit,duration_unit
1519663753,57,0.028521,0.000288,0.000058,0.002002,0.000081,0.000159,0.000315,0.001152,0.001152,0.028521,0.184571,0.025315,0.163210,0.192027,calls/second,seconds
1519664344,1,0.022536,0.022536,0.022536,0.000000,0.022536,0.022536,0.022536,0.022536,0.022536,0.022536,0.001111,0.000000,0.010125,0.073986,calls/second,seconds
1519664344,1,0.020084,0.020084,0.020084,0.000000,0.020084,0.020084,0.020084,0.020084,0.020084,0.020084,0.001111,0.000000,0.010125,0.073986,calls/second,seconds
1519664344,1,0.012274,0.012274,0.012274,0.000000,0.012274,0.012274,0.012274,0.012274,0.012274,0.012274,0.001111,0.000000,0.010125,0.073986,calls/second,seconds
