t,count,max,mean,min,stddev,p50,p75,p95,p98,p99,p999,mean_rate,m1_rate,m5_rate,m15_rate,rate_unit,duration_unit
1517522564,2,0.000601,0.000175,0.000174,0.000029,0.000174,0.000174,0.000174,0.000174,0.000174,0.000601,0.005542,0.016530,0.064557,0.135919,calls/second,seconds
1517523041,3,0.000614,0.000210,0.000205,0.000002,0.000210,0.000210,0.000210,0.000210,0.000210,0.000210,0.003333,0.000798,0.012485,0.075501,calls/second,seconds
1517523079,3,0.000585,0.000213,0.000213,0.000002,0.000213,0.000213,0.000213,0.000213,0.000213,0.000226,0.003333,0.000484,0.012261,0.075451,calls/second,seconds
1517523124,3,0.000594,0.000203,0.000203,0.000001,0.000203,0.000203,0.000203,0.000203,0.000203,0.000212,0.003333,0.004992,0.013531,0.075698,calls/second,seconds
1519374332,9,0.002435,0.000168,0.000144,0.000039,0.000167,0.000167,0.000167,0.000167,0.000167,0.000167,0.010378,0.000674,0.025959,0.157516,calls/second,seconds
1519374359,2,0.000617,0.000181,0.000181,0.000003,0.000181,0.000181,0.000181,0.000181,0.000181,0.000181,0.002222,0.000318,0.011635,0.074839,calls/second,seconds
1519374359,2,0.000467,0.000249,0.000249,0.000001,0.000249,0.000249,0.000249,0.000249,0.000249,0.000249,0.002222,0.000346,0.011660,0.074844,calls/second,seconds
1519374359,2,0.000472,0.000208,0.000208,0.000002,0.000208,0.000208,0.000208,0.000208,0.000208,0.000208,0.002222,0.000318,0.011635,0.074839,calls/second,seconds
