t,count,max,mean,min,stddev,p50,p75,p95,p98,p99,p999,mean_rate,m1_rate,m5_rate,m15_rate,rate_unit,duration_unit
1513090526,3,0.000572,0.000302,0.000186,0.000001,0.000302,0.000302,0.000302,0.000302,0.000302,0.000302,0.003765,0.011459,0.017702,0.084688,calls/second,seconds
1513090629,2,0.009760,0.000203,0.000203,0.000032,0.000203,0.000203,0.000203,0.000203,0.000203,0.000203,0.002222,0.001686,0.012233,0.074939,calls/second,seconds
1513090670,3,0.000521,0.000163,0.000163,0.000002,0.000163,0.000163,0.000163,0.000163,0.000163,0.000169,0.003333,0.000868,0.012525,0.075510,calls/second,seconds
1513090680,3,0.000448,0.000171,0.000171,0.000001,0.000171,0.000171,0.000171,0.000171,0.000171,0.000180,0.003333,0.000798,0.012656,0.075913,calls/second,seconds
1513109271,1,0.001131,0.001131,0.001131,0.000000,0.001131,0.001131,0.001131,0.001131,0.001131,0.001131,0.002122,0.000086,0.042450,0.119301,calls/second,seconds
1513109685,1,0.002224,0.002224,0.002224,0.000000,0.002224,0.002224,0.002224,0.002224,0.002224,0.002224,0.001111,0.000000,0.010125,0.073986,calls/second,seconds
1513109686,1,0.006374,0.006374,0.006374,0.000000,0.006374,0.006374,0.006374,0.006374,0.006374,0.006374,0.001111,0.000000,0.010125,0.073986,calls/second,seconds
1513109697,1,0.000832,0.000832,0.000832,0.000000,0.000832,0.000832,0.000832,0.000832,0.000832,0.000832,0.001111,0.000000,0.010125,0.073986,calls/second,seconds
