t,count,max,mean,min,stddev,p50,p75,p95,p98,p99,p999,mean_rate,m1_rate,m5_rate,m15_rate,rate_unit,duration_unit
1513090526,2,0.017753,0.005913,0.000236,0.008199,0.000236,0.017753,0.017753,0.017753,0.017753,0.017753,0.002510,0.000000,0.014644,0.083625,calls/second,seconds
1513090629,0,0.000000,0.000000,0.000000,0.000000,0.000000,0.000000,0.000000,0.000000,0.000000,0.000000,0.000000,0.000000,0.000000,0.000000,calls/second,seconds
1513090670,1,0.014841,0.014841,0.014841,0.000000,0.014841,0.014841,0.014841,0.014841,0.014841,0.014841,0.001111,0.000000,0.010125,0.073986,calls/second,seconds
1513090680,1,0.013791,0.013791,0.013791,0.000000,0.013791,0.013791,0.013791,0.013791,0.013791,0.013791,0.001111,0.000000,0.010295,0.074398,calls/second,seconds
1513109271,1,0.066373,0.066373,0.066373,0.000000,0.066373,0.066373,0.066373,0.066373,0.066373,0.066373,0.002122,0.000086,0.042450,0.119301,calls/second,seconds
1513109685,1,0.032331,0.032331,0.032331,0.000000,0.032331,0.032331,0.032331,0.032331,0.032331,0.032331,0.001111,0.000000,0.010125,0.073986,calls/second,seconds
1513109686,1,0.013399,0.013399,0.013399,0.000000,0.013399,0.013399,0.013399,0.013399,0.013399,0.013399,0.001111,0.000000,0.010125,0.073986,calls/second,seconds
1513109697,1,0.025214,0.025214,0.025214,0.000000,0.025214,0.025214,0.025214,0.025214,0.025214,0.025214,0.001111,0.000000,0.010125,0.073986,calls/second,seconds
