t,count,max,mean,min,stddev,p50,p75,p95,p98,p99,p999,mean_rate,m1_rate,m5_rate,m15_rate,rate_unit,duration_unit
1519381673,49,0.004345,0.000329,0.000005,0.000984,0.000028,0.000204,0.004345,0.004345,0.004345,0.004345,0.128246,0.138612,1.261916,2.794336,calls/second,seconds
1519382182,6,0.004254,0.000263,0.000055,0.000264,0.000259,0.000259,0.000259,0.000259,0.000259,0.004254,0.006666,0.002096,0.014714,0.077349,calls/second,seconds
1519382197,6,0.004649,0.000324,0.000046,0.000288,0.000322,0.000322,0.000322,0.000322,0.000322,0.004649,0.006666,0.001632,0.014490,0.077293,calls/second,seconds
1519382205,6,0.004604,0.000273,0.000033,0.000288,0.000270,0.000270,0.000270,0.000270,0.000270,0.004604,0.006666,0.001502,0.014418,0.077275,calls/second,seconds
