t,count,max,mean,min,stddev,p50,p75,p95,p98,p99,p999,mean_rate,m1_rate,m5_rate,m15_rate,rate_unit,duration_unit
1515782656,1,0.001530,0.001530,0.001530,0.000000,0.001530,0.001530,0.001530,0.001530,0.001530,0.001530,0.003501,0.001881,0.078648,0.146526,calls/second,seconds
1515783271,1,0.001370,0.001370,0.001370,0.000000,0.001370,0.001370,0.001370,0.001370,0.001370,0.001370,0.001111,0.000000,0.010125,0.073986,calls/second,seconds
1515783271,1,0.001485,0.001485,0.001485,0.000000,0.001485,0.001485,0.001485,0.001485,0.001485,0.001485,0.001111,0.000000,0.010125,0.073986,calls/second,seconds
1515783271,1,0.002902,0.002902,0.002902,0.000000,0.002902,0.002902,0.002902,0.002902,0.002902,0.002902,0.001111,0.000000,0.010295,0.074398,calls/second,seconds
