t,count,max,mean,min,stddev,p50,p75,p95,p98,p99,p999,mean_rate,m1_rate,m5_rate,m15_rate,rate_unit,duration_unit
1516040880,1,0.001107,0.001107,0.001107,0.000000,0.001107,0.001107,0.001107,0.001107,0.001107,0.001107,0.001858,0.000029,0.034180,0.110989,calls/second,seconds
1516041238,1,0.001153,0.001153,0.001153,0.000000,0.001153,0.001153,0.001153,0.001153,0.001153,0.001153,0.001111,0.000000,0.010125,0.073986,calls/second,seconds
1516041258,1,0.001142,0.001142,0.001142,0.000000,0.001142,0.001142,0.001142,0.001142,0.001142,0.001142,0.001111,0.000000,0.010125,0.073986,calls/second,seconds
1516041277,1,0.001203,0.001203,0.001203,0.000000,0.001203,0.001203,0.001203,0.001203,0.001203,0.001203,0.001111,0.000000,0.010125,0.073986,calls/second,seconds
1516042563,1,0.001053,0.001053,0.001053,0.000000,0.001053,0.001053,0.001053,0.001053,0.001053,0.001053,0.001111,0.000000,0.010125,0.073986,calls/second,seconds
1516042566,1,0.001048,0.001048,0.001048,0.000000,0.001048,0.001048,0.001048,0.001048,0.001048,0.001048,0.001111,0.000000,0.010125,0.073986,calls/second,seconds
1516042576,1,0.001061,0.001061,0.001061,0.000000,0.001061,0.001061,0.001061,0.001061,0.001061,0.001061,0.001111,0.000000,0.010125,0.073986,calls/second,seconds
1516042607,1,0.001153,0.001153,0.001153,0.000000,0.001153,0.001153,0.001153,0.001153,0.001153,0.001153,0.001111,0.000000,0.010125,0.073986,calls/second,seconds
