t,count,max,mean,min,stddev,p50,p75,p95,p98,p99,p999,mean_rate,m1_rate,m5_rate,m15_rate,rate_unit,duration_unit
1513267602,5,0.005979,0.000408,0.000035,0.001441,0.000035,0.000035,0.005979,0.005979,0.005979,0.005979,0.008280,0.000920,0.030935,0.105526,calls/second,seconds
1513267898,7,0.007692,0.000274,0.000031,0.000485,0.000256,0.000256,0.000256,0.000256,0.000256,0.007692,0.007777,0.006191,0.025949,0.151586,calls/second,seconds
1513267898,7,0.006967,0.000283,0.000031,0.000438,0.000268,0.000268,0.000268,0.000268,0.000268,0.006967,0.007777,0.006191,0.025949,0.151586,calls/second,seconds
1513267913,7,0.004069,0.000339,0.000038,0.000254,0.000342,0.000342,0.000342,0.000342,0.000342,0.004069,0.007777,0.004822,0.025671,0.151527,calls/second,seconds
