t,count,max,mean,min,stddev,p50,p75,p95,p98,p99,p999,mean_rate,m1_rate,m5_rate,m15_rate,rate_unit,duration_unit
1513090526,16,0.005425,0.005062,0.000011,0.001349,0.005425,0.005425,0.005425,0.005425,0.005425,0.005425,0.020080,0.012060,0.023619,0.091738,calls/second,seconds
1513090629,6,0.004359,0.004070,0.000039,0.001079,0.004359,0.004359,0.004359,0.004359,0.004359,0.004359,0.006666,0.001774,0.014564,0.077311,calls/second,seconds
1513090670,6,0.004294,0.000259,0.000033,0.000267,0.000255,0.000255,0.000255,0.000255,0.000255,0.004294,0.006666,0.000911,0.014013,0.077169,calls/second,seconds
1513090680,7,0.005666,0.000052,0.000034,0.000110,0.000035,0.000035,0.000269,0.000269,0.000269,0.000269,0.007778,0.016829,0.027552,0.152660,calls/second,seconds
1513109271,3,0.000164,0.000153,0.000074,0.000027,0.000164,0.000164,0.000164,0.000164,0.000164,0.000164,0.006367,0.000995,0.045307,0.120960,calls/second,seconds
1513109685,3,0.000260,0.000085,0.000073,0.000045,0.000073,0.000073,0.000260,0.000260,0.000260,0.000260,0.003333,0.000000,0.020549,0.148469,calls/second,seconds
1513109686,3,0.000113,0.000076,0.000072,0.000011,0.000072,0.000072,0.000113,0.000113,0.000113,0.000113,0.003333,0.000000,0.010605,0.074901,calls/second,seconds
1513109697,3,0.000206,0.000091,0.000082,0.000032,0.000082,0.000082,0.000206,0.000206,0.000206,0.000206,0.003333,0.000000,0.020540,0.148464,calls/second,seconds
