t,count,max,mean,min,stddev,p50,p75,p95,p98,p99,p999,mean_rate,m1_rate,m5_rate,m15_rate,rate_unit,duration_unit
1517522564,3,0.007675,0.007168,0.000087,0.001891,0.007675,0.007675,0.007675,0.007675,0.007675,0.007675,0.008313,0.017326,0.066371,0.136826,calls/second,seconds
1517523041,6,0.006639,0.000064,0.000039,0.000141,0.000039,0.000039,0.000400,0.000400,0.000400,0.000400,0.006666,0.016829,0.017087,0.077850,calls/second,seconds
1517523079,6,0.005704,0.000062,0.000041,0.000123,0.000041,0.000041,0.000362,0.000362,0.000362,0.000362,0.006666,0.010207,0.016424,0.077723,calls/second,seconds
1517523124,6,0.005966,0.000420,0.000044,0.000372,0.000421,0.000421,0.000421,0.000421,0.000421,0.005966,0.006666,0.005241,0.015638,0.077561,calls/second,seconds
1519374332,30,0.004504,0.000325,0.000011,0.001083,0.000044,0.000044,0.004504,0.004504,0.004504,0.004504,0.034595,0.014212,0.134260,0.856013,calls/second,seconds
1519374359,4,0.006593,0.000453,0.000041,0.001592,0.000041,0.000041,0.006593,0.006593,0.006593,0.006593,0.004444,0.006712,0.014637,0.076350,calls/second,seconds
1519374359,4,0.004311,0.000313,0.000044,0.001037,0.000044,0.000044,0.004311,0.004311,0.004311,0.004311,0.004444,0.006712,0.014637,0.076350,calls/second,seconds
1519374359,4,0.005083,0.000357,0.000040,0.001225,0.000040,0.000040,0.005083,0.005083,0.005083,0.005083,0.004444,0.006712,0.014637,0.076350,calls/second,seconds
