t,count,max,mean,min,stddev,p50,p75,p95,p98,p99,p999,mean_rate,m1_rate,m5_rate,m15_rate,rate_unit,duration_unit
1515105663,1,0.283000,0.283000,0.283000,0.000000,0.283000,0.283000,0.283000,0.283000,0.283000,0.283000,0.001156,0.000000,0.011378,0.076920,calls/second,seconds
1515158763,3,0.068000,0.020128,0.020000,0.002382,0.020000,0.020000,0.020000,0.020000,0.020000,0.068000,0.005269,0.001132,0.033461,0.108903,calls/second,seconds
1517224399,1,0.088000,0.088000,0.088000,0.000000,0.088000,0.088000,0.088000,0.088000,0.088000,0.088000,0.001382,0.000001,0.018449,0.090366,calls/second,seconds
1519236164,1,0.107000,0.107000,0.107000,0.000000,0.107000,0.107000,0.107000,0.107000,0.107000,0.107000,0.001764,0.000018,0.030928,0.107350,calls/second,seconds
1519237064,1,0.010000,0.010000,0.010000,0.000000,0.010000,0.010000,0.010000,0.010000,0.010000,0.010000,0.004530,0.005557,0.097675,0.157500,calls/second,seconds
1519264964,4,0.034000,0.030260,0.026000,0.001538,0.030000,0.030000,0.034000,0.034000,0.034000,0.034000,0.005722,0.000006,0.021521,0.094666,calls/second,seconds
