t,count,max,mean,min,stddev,p50,p75,p95,p98,p99,p999,mean_rate,m1_rate,m5_rate,m15_rate,rate_unit,duration_unit
1519236164,1,4.002000,4.002000,4.002000,0.000000,4.002000,4.002000,4.002000,4.002000,4.002000,4.002000,0.001572,0.000006,0.024491,0.099317,calls/second,seconds
