t,count,max,mean,min,stddev,p50,p75,p95,p98,p99,p999,mean_rate,m1_rate,m5_rate,m15_rate,rate_unit,duration_unit
1513705277,1,0.375000,0.375000,0.375000,0.000000,0.375000,0.375000,0.375000,0.375000,0.375000,0.375000,0.001214,0.000000,0.013219,0.080863,calls/second,seconds
1515094863,1,0.608000,0.608000,0.608000,0.000000,0.608000,0.608000,0.608000,0.608000,0.608000,0.608000,0.001226,0.000000,0.013441,0.081314,calls/second,seconds
1515100263,1,0.128000,0.128000,0.128000,0.000000,0.128000,0.128000,0.128000,0.128000,0.128000,0.128000,0.001652,0.000009,0.027067,0.102683,calls/second,seconds
1515158763,1,0.317000,0.317000,0.317000,0.000000,0.317000,0.317000,0.317000,0.317000,0.317000,0.317000,0.002500,0.000301,0.054506,0.129669,calls/second,seconds
1519236164,1,0.248000,0.248000,0.248000,0.000000,0.248000,0.248000,0.248000,0.248000,0.248000,0.248000,0.001687,0.000012,0.028455,0.104409,calls/second,seconds
1519248764,1,1.672000,1.672000,1.672000,0.000000,1.672000,1.672000,1.672000,1.672000,1.672000,1.672000,0.004040,0.003663,0.089866,0.153186,calls/second,seconds
1519387973,1,0.534000,0.534000,0.534000,0.000000,0.534000,0.534000,0.534000,0.534000,0.534000,0.534000,0.002009,0.000057,0.039056,0.116033,calls/second,seconds
