t,count,max,mean,min,stddev,p50,p75,p95,p98,p99,p999,mean_rate,m1_rate,m5_rate,m15_rate,rate_unit,duration_unit
1513703477,1,0.015000,0.015000,0.015000,0.000000,0.015000,0.015000,0.015000,0.015000,0.015000,0.015000,0.001468,0.000003,0.021080,0.094473,calls/second,seconds
1519241564,1,0.005000,0.005000,0.005000,0.000000,0.005000,0.005000,0.005000,0.005000,0.005000,0.005000,0.001464,0.000003,0.021080,0.094473,calls/second,seconds
1519242464,2,0.013000,0.013000,0.013000,0.000000,0.013000,0.013000,0.013000,0.013000,0.013000,0.013000,0.005880,0.001617,0.067319,0.138752,calls/second,seconds
1519243364,2,0.013000,0.012422,0.012000,0.000494,0.012000,0.013000,0.013000,0.013000,0.013000,0.013000,0.006442,0.001378,0.073638,0.143320,calls/second,seconds
