t,count,max,mean,min,stddev,p50,p75,p95,p98,p99,p999,mean_rate,m1_rate,m5_rate,m15_rate,rate_unit,duration_unit
1515158763,1,0.994000,0.994000,0.994000,0.000000,0.994000,0.994000,0.994000,0.994000,0.994000,0.994000,0.005967,0.013897,0.117329,0.167426,calls/second,seconds
1519236164,1,0.586000,0.586000,0.586000,0.000000,0.586000,0.586000,0.586000,0.586000,0.586000,0.586000,0.001769,0.000018,0.030928,0.107350,calls/second,seconds
1519264964,4,5.277000,0.860642,0.300000,1.469151,0.300000,0.612000,5.277000,5.277000,5.277000,5.277000,0.005854,0.000008,0.022586,0.096241,calls/second,seconds
