t,count,max,mean,min,stddev,p50,p75,p95,p98,p99,p999,mean_rate,m1_rate,m5_rate,m15_rate,rate_unit,duration_unit
1515158763,1,0.138000,0.138000,0.138000,0.000000,0.138000,0.138000,0.138000,0.138000,0.138000,0.138000,0.005945,0.013897,0.117329,0.167426,calls/second,seconds
1519236164,1,0.093000,0.093000,0.093000,0.000000,0.093000,0.093000,0.093000,0.093000,0.093000,0.093000,0.001768,0.000018,0.030928,0.107350,calls/second,seconds
1519264964,4,3.952000,0.456600,0.068000,1.150088,0.068000,0.111000,3.952000,3.952000,3.952000,3.952000,0.005852,0.000008,0.022586,0.096241,calls/second,seconds
