t,count,max,mean,min,stddev,p50,p75,p95,p98,p99,p999,mean_rate,m1_rate,m5_rate,m15_rate,rate_unit,duration_unit
1513703477,1,0.047000,0.047000,0.047000,0.000000,0.047000,0.047000,0.047000,0.047000,0.047000,0.047000,0.001469,0.000003,0.021080,0.094473,calls/second,seconds
1515158763,4,0.093000,0.056910,0.039000,0.020789,0.048000,0.049000,0.093000,0.093000,0.093000,0.093000,0.015670,0.009572,0.262220,0.455323,calls/second,seconds
1519241564,1,0.021000,0.021000,0.021000,0.000000,0.021000,0.021000,0.021000,0.021000,0.021000,0.021000,0.001464,0.000003,0.021080,0.094473,calls/second,seconds
1519242464,2,0.044000,0.042292,0.022000,0.005887,0.044000,0.044000,0.044000,0.044000,0.044000,0.044000,0.005884,0.001758,0.068450,0.139525,calls/second,seconds
1519243364,2,0.593000,0.260011,0.017000,0.284464,0.017000,0.593000,0.593000,0.593000,0.593000,0.593000,0.006459,0.001498,0.074876,0.144118,calls/second,seconds
