t,count,max,mean,min,stddev,p50,p75,p95,p98,p99,p999,mean_rate,m1_rate,m5_rate,m15_rate,rate_unit,duration_unit
1519237064,1,0.007000,0.007000,0.007000,0.000000,0.007000,0.007000,0.007000,0.007000,0.007000,0.007000,0.001639,0.000008,0.026620,0.102115,calls/second,seconds
