t,count,max,mean,min,stddev,p50,p75,p95,p98,p99,p999,mean_rate,m1_rate,m5_rate,m15_rate,rate_unit,duration_unit
1515105663,1,2.225000,2.225000,2.225000,0.000000,2.225000,2.225000,2.225000,2.225000,2.225000,2.225000,0.001157,0.000000,0.011569,0.077348,calls/second,seconds
1515158763,4,1.395000,1.240320,0.481000,0.214132,1.366000,1.366000,1.366000,1.366000,1.366000,1.366000,0.007033,0.004611,0.035868,0.109897,calls/second,seconds
1517224399,1,4.371000,4.371000,4.371000,0.000000,4.371000,4.371000,4.371000,4.371000,4.371000,4.371000,0.001388,0.000001,0.018449,0.090366,calls/second,seconds
1519236164,1,1.772000,1.772000,1.772000,0.000000,1.772000,1.772000,1.772000,1.772000,1.772000,1.772000,0.001767,0.000018,0.030928,0.107350,calls/second,seconds
1519237064,1,4.874000,4.874000,4.874000,0.000000,4.874000,4.874000,4.874000,4.874000,4.874000,4.874000,0.004615,0.006039,0.099317,0.158378,calls/second,seconds
1519264964,4,6.152000,1.409788,0.709000,1.722743,0.709000,0.963000,6.152000,6.152000,6.152000,6.152000,0.005724,0.000006,0.021528,0.094669,calls/second,seconds
