t,count,max,mean,min,stddev,p50,p75,p95,p98,p99,p999,mean_rate,m1_rate,m5_rate,m15_rate,rate_unit,duration_unit
1515105663,10,0.230000,0.063578,0.038000,0.033511,0.048000,0.087000,0.111000,0.131000,0.230000,0.230000,0.011526,0.000001,0.013856,0.081259,calls/second,seconds
1515158763,5,0.173000,0.094666,0.088000,0.007243,0.090000,0.105000,0.105000,0.105000,0.105000,0.105000,0.008750,0.003395,0.035698,0.109879,calls/second,seconds
1517224399,1,0.064000,0.064000,0.064000,0.000000,0.064000,0.064000,0.064000,0.064000,0.064000,0.064000,0.001376,0.000001,0.018144,0.089866,calls/second,seconds
1519236164,1,0.035000,0.035000,0.035000,0.000000,0.035000,0.035000,0.035000,0.035000,0.035000,0.035000,0.001760,0.000018,0.030928,0.107350,calls/second,seconds
1519237064,1,1.367000,1.367000,1.367000,0.000000,1.367000,1.367000,1.367000,1.367000,1.367000,1.367000,0.004497,0.005557,0.097675,0.157500,calls/second,seconds
1519264964,11,8.230000,0.466831,0.028000,1.343761,0.054000,0.177000,2.993000,8.230000,8.230000,8.230000,0.015675,0.000019,0.120734,0.557283,calls/second,seconds
