t,count,max,mean,min,stddev,p50,p75,p95,p98,p99,p999,mean_rate,m1_rate,m5_rate,m15_rate,rate_unit,duration_unit
1515105663,2,0.642000,0.606234,0.571000,0.035499,0.571000,0.642000,0.642000,0.642000,0.642000,0.642000,0.002310,0.000000,0.022755,0.153839,calls/second,seconds
1515158763,6,0.230000,0.105479,0.093000,0.013116,0.117000,0.117000,0.117000,0.117000,0.117000,0.230000,0.010524,0.002001,0.065784,0.216594,calls/second,seconds
1517224399,2,0.292000,0.242129,0.193000,0.049499,0.193000,0.292000,0.292000,0.292000,0.292000,0.292000,0.002759,0.000003,0.036897,0.180733,calls/second,seconds
1519236164,2,0.161000,0.147399,0.134000,0.013500,0.134000,0.161000,0.161000,0.161000,0.161000,0.161000,0.003523,0.000035,0.061855,0.214700,calls/second,seconds
1519237064,2,0.277000,0.235189,0.194000,0.041499,0.194000,0.277000,0.277000,0.277000,0.277000,0.277000,0.009029,0.011113,0.195351,0.315001,calls/second,seconds
1519264964,8,6.001000,0.789152,0.104000,1.710704,0.171000,0.186000,6.001000,6.001000,6.001000,6.001000,0.011431,0.000013,0.043065,0.189341,calls/second,seconds
