t,count,max,mean,min,stddev,p50,p75,p95,p98,p99,p999,mean_rate,m1_rate,m5_rate,m15_rate,rate_unit,duration_unit
1515158763,4,11.988000,7.170351,6.830000,1.148890,6.830000,6.830000,11.448000,11.448000,11.988000,11.988000,0.011779,0.007568,0.072015,0.141292,calls/second,seconds
1519236164,1,9.005000,9.005000,9.005000,0.000000,9.005000,9.005000,9.005000,9.005000,9.005000,9.005000,0.001797,0.000021,0.031976,0.108549,calls/second,seconds
