t,count,max,mean,min,stddev,p50,p75,p95,p98,p99,p999,mean_rate,m1_rate,m5_rate,m15_rate,rate_unit,duration_unit
1515105663,2,0.573000,0.510500,0.448000,0.062500,0.573000,0.573000,0.573000,0.573000,0.573000,0.573000,0.002313,0.000000,0.023138,0.154696,calls/second,seconds
1515158763,8,0.302000,0.196968,0.091000,0.096932,0.266000,0.302000,0.302000,0.302000,0.302000,0.302000,0.014062,0.009400,0.071820,0.219811,calls/second,seconds
1517224399,2,0.366000,0.312901,0.259000,0.053498,0.366000,0.366000,0.366000,0.366000,0.366000,0.366000,0.002766,0.000003,0.036897,0.180733,calls/second,seconds
1519236164,2,0.246000,0.158660,0.070000,0.087998,0.246000,0.246000,0.246000,0.246000,0.246000,0.246000,0.003531,0.000035,0.061855,0.214700,calls/second,seconds
1519237064,2,0.373000,0.204771,0.034000,0.169495,0.373000,0.373000,0.373000,0.373000,0.373000,0.373000,0.009077,0.011113,0.195351,0.315001,calls/second,seconds
1519264964,8,5.054000,0.420236,0.047000,1.160308,0.170000,0.170000,5.054000,5.054000,5.054000,5.054000,0.011455,0.000013,0.043048,0.189334,calls/second,seconds
