t,count,max,mean,min,stddev,p50,p75,p95,p98,p99,p999,mean_rate,m1_rate,m5_rate,m15_rate,rate_unit,duration_unit
1513705277,1,0.217000,0.217000,0.217000,0.000000,0.217000,0.217000,0.217000,0.217000,0.217000,0.217000,0.001216,0.000000,0.013219,0.080863,calls/second,seconds
1515094863,1,0.224000,0.224000,0.224000,0.000000,0.224000,0.224000,0.224000,0.224000,0.224000,0.224000,0.001227,0.000000,0.013441,0.081314,calls/second,seconds
1515100263,1,0.132000,0.132000,0.132000,0.000000,0.132000,0.132000,0.132000,0.132000,0.132000,0.132000,0.001654,0.000010,0.027522,0.103255,calls/second,seconds
1515158763,1,0.131000,0.131000,0.131000,0.000000,0.131000,0.131000,0.131000,0.131000,0.131000,0.131000,0.002506,0.000301,0.054506,0.129669,calls/second,seconds
1519236164,1,0.054000,0.054000,0.054000,0.000000,0.054000,0.054000,0.054000,0.054000,0.054000,0.054000,0.001688,0.000012,0.028455,0.104409,calls/second,seconds
1519248764,1,0.066000,0.066000,0.066000,0.000000,0.066000,0.066000,0.066000,0.066000,0.066000,0.066000,0.004067,0.003663,0.089866,0.153186,calls/second,seconds
1519387973,1,0.046000,0.046000,0.046000,0.000000,0.046000,0.046000,0.046000,0.046000,0.046000,0.046000,0.002012,0.000057,0.039056,0.116033,calls/second,seconds
