t,count,max,mean,min,stddev,p50,p75,p95,p98,p99,p999,mean_rate,m1_rate,m5_rate,m15_rate,rate_unit,duration_unit
1515105663,1,1.161000,1.161000,1.161000,0.000000,1.161000,1.161000,1.161000,1.161000,1.161000,1.161000,0.001156,0.000000,0.011569,0.077348,calls/second,seconds
1515158763,3,0.190000,0.179922,0.159000,0.001550,0.180000,0.180000,0.180000,0.180000,0.180000,0.190000,0.005267,0.001132,0.033461,0.108903,calls/second,seconds
1517224399,1,0.350000,0.350000,0.350000,0.000000,0.350000,0.350000,0.350000,0.350000,0.350000,0.350000,0.001381,0.000001,0.018449,0.090366,calls/second,seconds
1519236164,1,0.282000,0.282000,0.282000,0.000000,0.282000,0.282000,0.282000,0.282000,0.282000,0.282000,0.001763,0.000018,0.030928,0.107350,calls/second,seconds
1519237064,1,0.237000,0.237000,0.237000,0.000000,0.237000,0.237000,0.237000,0.237000,0.237000,0.237000,0.004526,0.005557,0.097675,0.157500,calls/second,seconds
1519264964,4,5.647000,0.825449,0.103000,1.761742,0.103000,0.405000,5.647000,5.647000,5.647000,5.647000,0.005721,0.000006,0.021528,0.094669,calls/second,seconds
