t,count,max,mean,min,stddev,p50,p75,p95,p98,p99,p999,mean_rate,m1_rate,m5_rate,m15_rate,rate_unit,duration_unit
1515105663,1,2.319000,2.319000,2.319000,0.000000,2.319000,2.319000,2.319000,2.319000,2.319000,2.319000,0.001157,0.000000,0.011569,0.077348,calls/second,seconds
1515158763,4,1.700000,1.570890,0.125000,0.223954,1.700000,1.700000,1.700000,1.700000,1.700000,1.700000,0.007035,0.004611,0.035868,0.109897,calls/second,seconds
1517224399,1,0.164000,0.164000,0.164000,0.000000,0.164000,0.164000,0.164000,0.164000,0.164000,0.164000,0.001380,0.000001,0.018449,0.090366,calls/second,seconds
1519236164,1,0.085000,0.085000,0.085000,0.000000,0.085000,0.085000,0.085000,0.085000,0.085000,0.085000,0.001762,0.000018,0.030928,0.107350,calls/second,seconds
1519237064,1,0.037000,0.037000,0.037000,0.000000,0.037000,0.037000,0.037000,0.037000,0.037000,0.037000,0.004518,0.005557,0.097675,0.157500,calls/second,seconds
1519264964,4,0.098000,0.065305,0.060000,0.008782,0.060000,0.070000,0.074000,0.098000,0.098000,0.098000,0.005718,0.000006,0.021521,0.094666,calls/second,seconds
