t,count,max,mean,min,stddev,p50,p75,p95,p98,p99,p999,mean_rate,m1_rate,m5_rate,m15_rate,rate_unit,duration_unit
1519253264,1,0.001000,0.001000,0.001000,0.000000,0.001000,0.001000,0.001000,0.001000,0.001000,0.001000,0.002316,0.000168,0.048504,0.124723,calls/second,seconds
1519379732,1,0.000000,0.000000,0.000000,0.000000,0.000000,0.000000,0.000000,0.000000,0.000000,0.000000,0.001303,0.000001,0.015879,0.085959,calls/second,seconds
1519380632,1,0.000000,0.000000,0.000000,0.000000,0.000000,0.000000,0.000000,0.000000,0.000000,0.000000,0.002463,0.000255,0.052719,0.128236,calls/second,seconds
