t,count,max,mean,min,stddev,p50,p75,p95,p98,p99,p999,mean_rate,m1_rate,m5_rate,m15_rate,rate_unit,duration_unit
1513705277,1,0.053000,0.053000,0.053000,0.000000,0.053000,0.053000,0.053000,0.053000,0.053000,0.053000,0.001206,0.000000,0.013000,0.080415,calls/second,seconds
1515094863,1,0.047000,0.047000,0.047000,0.000000,0.047000,0.047000,0.047000,0.047000,0.047000,0.047000,0.001129,0.000000,0.010644,0.075229,calls/second,seconds
1515100263,1,0.041000,0.041000,0.041000,0.000000,0.041000,0.041000,0.041000,0.041000,0.041000,0.041000,0.001899,0.000034,0.035339,0.112229,calls/second,seconds
1515154263,1,0.036000,0.036000,0.036000,0.000000,0.036000,0.036000,0.036000,0.036000,0.036000,0.036000,0.002887,0.000692,0.064392,0.137077,calls/second,seconds
1516971499,1,0.056000,0.056000,0.056000,0.000000,0.056000,0.056000,0.056000,0.056000,0.056000,0.056000,0.001837,0.000027,0.033615,0.110374,calls/second,seconds
1519236164,1,0.013000,0.013000,0.013000,0.000000,0.013000,0.013000,0.013000,0.013000,0.013000,0.013000,0.001526,0.000004,0.022912,0.097134,calls/second,seconds
1519248764,1,0.028000,0.028000,0.028000,0.000000,0.028000,0.028000,0.028000,0.028000,0.028000,0.028000,0.004033,0.003663,0.089866,0.153186,calls/second,seconds
1519387973,1,0.013000,0.013000,0.013000,0.000000,0.013000,0.013000,0.013000,0.013000,0.013000,0.013000,0.002004,0.000057,0.039056,0.116033,calls/second,seconds
