t,count,max,mean,min,stddev,p50,p75,p95,p98,p99,p999,mean_rate,m1_rate,m5_rate,m15_rate,rate_unit,duration_unit
1515105663,1,0.451000,0.451000,0.451000,0.000000,0.451000,0.451000,0.451000,0.451000,0.451000,0.451000,0.001414,0.000002,0.019394,0.091885,calls/second,seconds
1515158763,5,0.430000,0.368486,0.226000,0.041482,0.341000,0.430000,0.430000,0.430000,0.430000,0.430000,0.008913,0.004735,0.037103,0.111146,calls/second,seconds
