t,count,max,mean,min,stddev,p50,p75,p95,p98,p99,p999,mean_rate,m1_rate,m5_rate,m15_rate,rate_unit,duration_unit
1513705277,1,0.102000,0.102000,0.102000,0.000000,0.102000,0.102000,0.102000,0.102000,0.102000,0.102000,0.001223,0.000000,0.013441,0.081314,calls/second,seconds
1515094863,1,0.184000,0.184000,0.184000,0.000000,0.184000,0.184000,0.184000,0.184000,0.184000,0.184000,0.001251,0.000000,0.014368,0.083141,calls/second,seconds
1519248764,1,2.154000,2.154000,2.154000,0.000000,2.154000,2.154000,2.154000,2.154000,2.154000,2.154000,0.004037,0.003663,0.089866,0.153186,calls/second,seconds
1519387973,1,0.035000,0.035000,0.035000,0.000000,0.035000,0.035000,0.035000,0.035000,0.035000,0.035000,0.002029,0.000062,0.039712,0.116679,calls/second,seconds
