t,count,max,mean,min,stddev,p50,p75,p95,p98,p99,p999,mean_rate,m1_rate,m5_rate,m15_rate,rate_unit,duration_unit
1515105663,1,1.179000,1.179000,1.179000,0.000000,1.179000,1.179000,1.179000,1.179000,1.179000,1.179000,0.001155,0.000000,0.011378,0.076920,calls/second,seconds
1515158763,4,0.324000,0.264606,0.243000,0.012739,0.272000,0.272000,0.272000,0.272000,0.272000,0.272000,0.007015,0.004324,0.035316,0.109297,calls/second,seconds
1517224399,1,0.857000,0.857000,0.857000,0.000000,0.857000,0.857000,0.857000,0.857000,0.857000,0.857000,0.001380,0.000001,0.018449,0.090366,calls/second,seconds
1519236164,1,0.706000,0.706000,0.706000,0.000000,0.706000,0.706000,0.706000,0.706000,0.706000,0.706000,0.001763,0.000018,0.030928,0.107350,calls/second,seconds
1519237064,1,0.482000,0.482000,0.482000,0.000000,0.482000,0.482000,0.482000,0.482000,0.482000,0.482000,0.004515,0.005557,0.097675,0.157500,calls/second,seconds
1519264964,4,6.407000,1.094556,0.271000,1.944995,0.271000,0.730000,6.407000,6.407000,6.407000,6.407000,0.005715,0.000006,0.021528,0.094669,calls/second,seconds
